title,email
Anfa uitzendbureau,info@anfa.nl
Aditech Utrecht,info@aditech.nl
Vetwork,info@vetwork.nl
Azor Uitzendbureau Midden Nederland B.V.,info@azoruitzendbureau.nl
Verein | Adviseurs sociale zekerheid & arbodienstverlening,info@verein.nl
De Werknemerspoule B.V.,info@dewerknemerspoule.nl
Poolsekracht.nl,info@poolsekracht.nl
Rvaring uitzendbureau 40+ & 65+,info@rvaring.nl
VNOM | We get the job done,info@vnom.nl
Naarding & Van der Meer Detachering B.V.,info@naardingenvandermeer.nl
Even Werkt!,info@evenwerkt.nl
Doorwerker.nl,info@doorwerker.nl
Adecco,info@adecco.nl
Go:Office Recruitment,info@go-office.nl
U-boss Uitzendbureau,info@u-bossuitzendbureau.nl
NOWJOBS,info@nowjobs.nl
Urgent Uitzendburo B.V.,info@urgent-uitzendburo.nl
Employment Utrecht Young Capital,info@youngcapital.nl
My Sales Recruiter,info@mijnsalesrecruiter.nl
The Solutionz Group B.V.,info@thesolutionzgroup.com
Handelsonderneming Suilen B.V.,info@suilen.nl
JobsforMoms,info@jobsformoms.nl
The Impact Group B.V.,info@impactgroup.nl
Derec - Utrecht,info@derec.nl
Recruitment Solutionz,info@recruitment-solutionz.com
Boom recruitment,info@boomrecruitment.nl
CareAbout,info@care-about.nl
Trend People De Meern,info@trend.nl
Vitec,info@vitec.nl
"De Roo interim, werving en trainingen voor onderwijs",info@deroo.nl
V.O.F. Bosman & Vos,info@bosmanvos.nl
Networkapp,info@networkapp.com
Q-logic,info@q-logic.nl
Aannemersbedrijf Bos & Zn.,info@aannemerbos.nl
ADJ - Talentmanagement voor maatschappelijke organisaties,info@adj.nl
Novicum,info@novicum.nl
Keypoint Utrecht,info@keypoint.eu
Codator BV,info@codator.net
Orange Recruitment,info@orangerecruitment.nl
Fonds 21,info@fonds21.nl
Trend People Utrecht,info@trend.nl
Ascom (Netherlands) BV,info.nl@ascom.com
Humble Recruitment B.V.,info@humblerecruitment.nl
Power4People B.V. | Utrecht | Hoofdkantoor,info@power4people.nl
Pesant,info@pesant.nl
Nova Dia,info@novadia.nl
B.V. Topselect Groep,info@topselectgroep.nl
House of Bèta,info@houseofbeta.nl
Talent&Pro,info@talent-pro.com
Mount Consulting B.V.,info@mount.consulting
Q-Talent,info@qtalent.nl
"Voor Tekst, bureau voor arbeidsmarktcommunicatie",info@voortekst.nl
Work people B.V.,info@workpeoplebv.nl
Amigas Uitzendbureau BV,info@amigasuitzendbureau.nl
Uitzendbureau Zorgflex,info@uitzendbureau-zorgflex.nl
Peoplez,info@peoplez.nl
Eager People Utrecht,info@eagerpeople.nl
DigitaalGroeien,info@jijonline.nu
Loopbaan stappen advies,info@loopbaanstappen.nl
Studentalent Utrecht,info@studentalent.nl
Ziebena's Care,info@ziebenascare.nl
MaC International B.V.,info@mac-international.nl
Career Control Finance,info@careercontrol.nl
Unique Utrecht Uitzendbureau,info@unique.nl
Stichting Integrand,info@integrand.nl
FourParties Utrecht,info@fourparties.nl
Aigency,info@aigency.com
PMDR Intermediairs BV,info@pmdr.nl
Pharmamediair,info@pharmamediair.nl
Calder Werkt,info@calderwerkt.nl
Allrounders BV Uitzendbureau,info@allrounderjobs.nl
StartPeople,info@startpeople.nl
MAC People,info@mac-people.nl
Flexchoice,info@flexchoice.nl
T & E Personeelsdiensten B.V.,info@staffyou.nl
Singel Personeelsdiensten,info@nobrothers.nl
Loopbaanstappen,info@loopbaanstappen.nl
Koers Loopbaancoaching Utrecht,info@koersloopbaancoaching.nl
Loopbaaninzicht,info@loopbaaninzicht.nl
Carrière Vormer,info@carrierevormer.nl
FBRC GGZ Werving,info@ggz-werving.nl
Uitbestedingscentrum,info@uitbestedingscentrum.nl
Top Secretaries Midden Nederland,info@topsecretaries.nl
Top Secretaries Midden Nederland, info@adecco.nl
Bolar,info@bolar.co
Dexan Goldelux,ginggeli@hotmail.com
xGino,qingge43@gmail.com
Tresto BV,Mohamed.doudellla@gmail.com
Doudella Agency,Info@doudella.com
